,region,industry,employed_count,region_population,percent_of_state_population,year,Code
0,United States,"Agriculture, forestry, fishing and hunting, and mining",39264,155888980,0.000251872,2020,
1,United States,Construction,199051,155888980,0.001276877,2020,
2,United States,Manufacturing,602535,155888980,0.003865155,2020,
3,United States,Wholesale trade,79521,155888980,0.000510113,2020,
4,United States,Retail trade,348443,155888980,0.0022352,2020,
5,United States,"Transportation and warehousing, and utilities",183556,155888980,0.001177479,2020,
6,United States,Information,43884,155888980,0.000281508,2020,
7,United States,"Finance and insurance, and real estate and rental and leasing",166402,155888980,0.001067439,2020,
8,United States,"Professional, scientific, and management, and administrative and waste management services",272175,155888980,0.001745954,2020,
9,United States,"Educational services, and health care and social assistance",750392,155888980,0.004813631,2020,
10,United States,"Arts, entertainment, and recreation, and accommodation and food services",275836,155888980,0.001769439,2020,
11,United States,"Other services, except public administration",147146,155888980,0.000943915,2020,
12,United States,Public administration,111474,155888980,0.000715086,2020,
13,Alabama,"Agriculture, forestry, fishing and hunting, and mining",29921,2119986,0.014113772,2020,AL
14,Alabama,Construction,141974,2119986,0.06696931,2020,AL
15,Alabama,Manufacturing,302005,2119986,0.142456129,2020,AL
16,Alabama,Wholesale trade,52964,2119986,0.024983184,2020,AL
17,Alabama,Retail trade,245101,2119986,0.115614443,2020,AL
18,Alabama,"Transportation and warehousing, and utilities",117530,2119986,0.055439045,2020,AL
19,Alabama,Information,31100,2119986,0.014669908,2020,AL
20,Alabama,"Finance and insurance, and real estate and rental and leasing",118006,2119986,0.055663575,2020,AL
21,Alabama,"Professional, scientific, and management, and administrative and waste management services",204241,2119986,0.096340731,2020,AL
22,Alabama,"Educational services, and health care and social assistance",480244,2119986,0.226531685,2020,AL
23,Alabama,"Arts, entertainment, and recreation, and accommodation and food services",176319,2119986,0.083169889,2020,AL
24,Alabama,"Other services, except public administration",103797,2119986,0.048961172,2020,AL
25,Alabama,Public administration,116784,2119986,0.055087156,2020,AL
26,Arizona,"Agriculture, forestry, fishing and hunting, and mining",40288,3215843,0.012527975,2020,AZ
27,Arizona,Construction,227330,3215843,0.07069064,2020,AZ
28,Arizona,Manufacturing,225849,3215843,0.070230108,2020,AZ
29,Arizona,Wholesale trade,73001,3215843,0.022700424,2020,AZ
30,Arizona,Retail trade,387039,3215843,0.120353823,2020,AZ
31,Arizona,"Transportation and warehousing, and utilities",176472,3215843,0.054875813,2020,AZ
32,Arizona,Information,57155,3215843,0.017772945,2020,AZ
33,Arizona,"Finance and insurance, and real estate and rental and leasing",276892,3215843,0.086102462,2020,AZ
34,Arizona,"Professional, scientific, and management, and administrative and waste management services",401554,3215843,0.124867414,2020,AZ
35,Arizona,"Educational services, and health care and social assistance",707882,3215843,0.220123308,2020,AZ
36,Arizona,"Arts, entertainment, and recreation, and accommodation and food services",335600,3215843,0.104358328,2020,AZ
37,Arizona,"Other services, except public administration",150110,3215843,0.046678274,2020,AZ
38,Arizona,Public administration,156671,3215843,0.048718485,2020,AZ
39,Arkansas,"Agriculture, forestry, fishing and hunting, and mining",35004,1309748,0.026725752,2020,AR
40,Arkansas,Construction,90504,1309748,0.069100315,2020,AR
41,Arkansas,Manufacturing,175414,1309748,0.13392958,2020,AR
42,Arkansas,Wholesale trade,32037,1309748,0.024460431,2020,AR
43,Arkansas,Retail trade,170961,1309748,0.13052969,2020,AR
44,Arkansas,"Transportation and warehousing, and utilities",77392,1309748,0.059089229,2020,AR
45,Arkansas,Information,18007,1309748,0.013748446,2020,AR
46,Arkansas,"Finance and insurance, and real estate and rental and leasing",64276,1309748,0.049075089,2020,AR
47,Arkansas,"Professional, scientific, and management, and administrative and waste management services",100720,1309748,0.076900289,2020,AR
48,Arkansas,"Educational services, and health care and social assistance",321734,1309748,0.245645727,2020,AR
49,Arkansas,"Arts, entertainment, and recreation, and accommodation and food services",103098,1309748,0.078715906,2020,AR
50,Arkansas,"Other services, except public administration",63059,1309748,0.048145903,2020,AR
51,Arkansas,Public administration,57542,1309748,0.043933642,2020,AR
52,California,"Agriculture, forestry, fishing and hunting, and mining",394290,18646894,0.021145076,2020,CA
53,California,Construction,1190537,18646894,0.063846397,2020,CA
54,California,Manufacturing,1676497,18646894,0.089907574,2020,CA
55,California,Wholesale trade,514234,18646894,0.027577461,2020,CA
56,California,Retail trade,1942421,18646894,0.104168608,2020,CA
57,California,"Transportation and warehousing, and utilities",1028818,18646894,0.055173693,2020,CA
58,California,Information,542674,18646894,0.029102648,2020,CA
59,California,"Finance and insurance, and real estate and rental and leasing",1118253,18646894,0.059969934,2020,CA
60,California,"Professional, scientific, and management, and administrative and waste management services",2581266,18646894,0.138428738,2020,CA
61,California,"Educational services, and health care and social assistance",3960265,18646894,0.212382019,2020,CA
62,California,"Arts, entertainment, and recreation, and accommodation and food services",1894858,18646894,0.101617889,2020,CA
63,California,"Other services, except public administration",952302,18646894,0.051070275,2020,CA
64,California,Public administration,850479,18646894,0.045609687,2020,CA
65,Colorado,"Agriculture, forestry, fishing and hunting, and mining",65222,2937047,0.022206659,2020,CO
66,Colorado,Construction,236667,2937047,0.080579916,2020,CO
67,Colorado,Manufacturing,200434,2937047,0.068243375,2020,CO
68,Colorado,Wholesale trade,68804,2937047,0.023426251,2020,CO
69,Colorado,Retail trade,309926,2937047,0.105522996,2020,CO
70,Colorado,"Transportation and warehousing, and utilities",142072,2937047,0.048372396,2020,CO
71,Colorado,Information,80484,2937047,0.027403034,2020,CO
72,Colorado,"Finance and insurance, and real estate and rental and leasing",208347,2937047,0.070937578,2020,CO
73,Colorado,"Professional, scientific, and management, and administrative and waste management services",418809,2937047,0.142595267,2020,CO
74,Colorado,"Educational services, and health care and social assistance",623737,2937047,0.21236875,2020,CO
75,Colorado,"Arts, entertainment, and recreation, and accommodation and food services",304725,2937047,0.10375217,2020,CO
76,Colorado,"Other services, except public administration",143771,2937047,0.048950868,2020,CO
77,Colorado,Public administration,134049,2937047,0.045640741,2020,CO
78,Connecticut,"Agriculture, forestry, fishing and hunting, and mining",7173,1807525,0.00396841,2020,CT
79,Connecticut,Construction,110308,1807525,0.061027095,2020,CT
80,Connecticut,Manufacturing,188968,1807525,0.104545165,2020,CT
81,Connecticut,Wholesale trade,42782,1807525,0.023668829,2020,CT
82,Connecticut,Retail trade,190314,1807525,0.10528983,2020,CT
83,Connecticut,"Transportation and warehousing, and utilities",78107,1807525,0.043212127,2020,CT
84,Connecticut,Information,36880,1807525,0.020403591,2020,CT
85,Connecticut,"Finance and insurance, and real estate and rental and leasing",163661,1807525,0.090544252,2020,CT
86,Connecticut,"Professional, scientific, and management, and administrative and waste management services",211665,1807525,0.117102115,2020,CT
87,Connecticut,"Educational services, and health care and social assistance",478318,1807525,0.264625939,2020,CT
88,Connecticut,"Arts, entertainment, and recreation, and accommodation and food services",149684,1807525,0.082811579,2020,CT
89,Connecticut,"Other services, except public administration",82940,1807525,0.045885949,2020,CT
90,Connecticut,Public administration,66725,1807525,0.036915119,2020,CT
91,Delaware,"Agriculture, forestry, fishing and hunting, and mining",4771,456872,0.01044275,2020,DE
92,Delaware,Construction,31582,456872,0.069126583,2020,DE
93,Delaware,Manufacturing,36414,456872,0.079702849,2020,DE
94,Delaware,Wholesale trade,9532,456872,0.020863612,2020,DE
95,Delaware,Retail trade,53459,456872,0.117010891,2020,DE
96,Delaware,"Transportation and warehousing, and utilities",26594,456872,0.058208864,2020,DE
97,Delaware,Information,5733,456872,0.012548372,2020,DE
98,Delaware,"Finance and insurance, and real estate and rental and leasing",43116,456872,0.094372166,2020,DE
99,Delaware,"Professional, scientific, and management, and administrative and waste management services",46360,456872,0.101472623,2020,DE
100,Delaware,"Educational services, and health care and social assistance",114152,456872,0.249855539,2020,DE
101,Delaware,"Arts, entertainment, and recreation, and accommodation and food services",40155,456872,0.087891138,2020,DE
102,Delaware,"Other services, except public administration",19304,456872,0.042252535,2020,DE
103,Delaware,Public administration,25700,456872,0.056252079,2020,DE
104,Florida,"Agriculture, forestry, fishing and hunting, and mining",84576,9684712,0.008732939,2020,FL
105,Florida,Construction,761223,9684712,0.078600479,2020,FL
106,Florida,Manufacturing,492488,9684712,0.050852106,2020,FL
107,Florida,Wholesale trade,252628,9684712,0.026085236,2020,FL
108,Florida,Retail trade,1207296,9684712,0.12465998,2020,FL
109,Florida,"Transportation and warehousing, and utilities",561801,9684712,0.058009056,2020,FL
110,Florida,Information,168168,9684712,0.017364275,2020,FL
111,Florida,"Finance and insurance, and real estate and rental and leasing",745885,9684712,0.077016746,2020,FL
112,Florida,"Professional, scientific, and management, and administrative and waste management services",1284832,9684712,0.132666,2020,FL
113,Florida,"Educational services, and health care and social assistance",2039904,9684712,0.210631354,2020,FL
114,Florida,"Arts, entertainment, and recreation, and accommodation and food services",1157703,9684712,0.119539228,2020,FL
115,Florida,"Other services, except public administration",511504,9684712,0.052815613,2020,FL
116,Florida,Public administration,416704,9684712,0.043026989,2020,FL
117,Georgia,"Agriculture, forestry, fishing and hunting, and mining",52473,4910269,0.01068638,2020,GA
118,Georgia,Construction,324930,4910269,0.066173564,2020,GA
119,Georgia,Manufacturing,516638,4910269,0.105215824,2020,GA
120,Georgia,Wholesale trade,137211,4910269,0.027943683,2020,GA
121,Georgia,Retail trade,555741,4910269,0.113179339,2020,GA
122,Georgia,"Transportation and warehousing, and utilities",327935,4910269,0.066785547,2020,GA
123,Georgia,Information,112008,4910269,0.02281097,2020,GA
124,Georgia,"Finance and insurance, and real estate and rental and leasing",312036,4910269,0.063547639,2020,GA
125,Georgia,"Professional, scientific, and management, and administrative and waste management services",622554,4910269,0.126786129,2020,GA
126,Georgia,"Educational services, and health care and social assistance",1025115,4910269,0.208769621,2020,GA
127,Georgia,"Arts, entertainment, and recreation, and accommodation and food services",452873,4910269,0.092229774,2020,GA
128,Georgia,"Other services, except public administration",232952,4910269,0.0474418,2020,GA
129,Georgia,Public administration,237803,4910269,0.04842973,2020,GA
130,Idaho,"Agriculture, forestry, fishing and hunting, and mining",39023,818085,0.047700422,2020,ID
131,Idaho,Construction,66912,818085,0.081791012,2020,ID
132,Idaho,Manufacturing,78809,818085,0.096333511,2020,ID
133,Idaho,Wholesale trade,22004,818085,0.026896961,2020,ID
134,Idaho,Retail trade,96979,818085,0.118543917,2020,ID
135,Idaho,"Transportation and warehousing, and utilities",40818,818085,0.049894571,2020,ID
136,Idaho,Information,13379,818085,0.016354046,2020,ID
137,Idaho,"Finance and insurance, and real estate and rental and leasing",46782,818085,0.057184767,2020,ID
138,Idaho,"Professional, scientific, and management, and administrative and waste management services",79814,818085,0.097561989,2020,ID
139,Idaho,"Educational services, and health care and social assistance",182073,818085,0.222560003,2020,ID
140,Idaho,"Arts, entertainment, and recreation, and accommodation and food services",73867,818085,0.090292574,2020,ID
141,Idaho,"Other services, except public administration",37514,818085,0.045855871,2020,ID
142,Idaho,Public administration,40111,818085,0.049030357,2020,ID
143,Illinois,"Agriculture, forestry, fishing and hunting, and mining",64517,6236755,0.010344642,2020,IL
144,Illinois,Construction,337964,6236755,0.054189077,2020,IL
145,Illinois,Manufacturing,732288,6236755,0.117414906,2020,IL
146,Illinois,Wholesale trade,183625,6236755,0.029442394,2020,IL
147,Illinois,Retail trade,655746,6236755,0.105142177,2020,IL
148,Illinois,"Transportation and warehousing, and utilities",415278,6236755,0.066585588,2020,IL
149,Illinois,Information,110005,6236755,0.017638179,2020,IL
150,Illinois,"Finance and insurance, and real estate and rental and leasing",458078,6236755,0.073448131,2020,IL
151,Illinois,"Professional, scientific, and management, and administrative and waste management services",753663,6236755,0.120842169,2020,IL
152,Illinois,"Educational services, and health care and social assistance",1452209,6236755,0.232846889,2020,IL
153,Illinois,"Arts, entertainment, and recreation, and accommodation and food services",548147,6236755,0.087889776,2020,IL
154,Illinois,"Other services, except public administration",293602,6236755,0.047076084,2020,IL
155,Illinois,Public administration,231633,6236755,0.037139987,2020,IL
156,Indiana,"Agriculture, forestry, fishing and hunting, and mining",39264,3219679,0.012195005,2020,IN
157,Indiana,Construction,199051,3219679,0.061823244,2020,IN
158,Indiana,Manufacturing,602535,3219679,0.187141327,2020,IN
159,Indiana,Wholesale trade,79521,3219679,0.024698425,2020,IN
160,Indiana,Retail trade,348443,3219679,0.1082229,2020,IN
161,Indiana,"Transportation and warehousing, and utilities",183556,3219679,0.057010652,2020,IN
162,Indiana,Information,43884,3219679,0.01362993,2020,IN
163,Indiana,"Finance and insurance, and real estate and rental and leasing",166402,3219679,0.051682792,2020,IN
164,Indiana,"Professional, scientific, and management, and administrative and waste management services",272175,3219679,0.084534825,2020,IN
165,Indiana,"Educational services, and health care and social assistance",750392,3219679,0.233064228,2020,IN
166,Indiana,"Arts, entertainment, and recreation, and accommodation and food services",275836,3219679,0.085671895,2020,IN
167,Indiana,"Other services, except public administration",147146,3219679,0.045702072,2020,IN
168,Indiana,Public administration,111474,3219679,0.034622706,2020,IN
169,Iowa,"Agriculture, forestry, fishing and hunting, and mining",60443,1611524,0.037506733,2020,IA
170,Iowa,Construction,105449,1611524,0.065434334,2020,IA
171,Iowa,Manufacturing,236327,1611524,0.146648142,2020,IA
172,Iowa,Wholesale trade,45624,1611524,0.028311089,2020,IA
173,Iowa,Retail trade,185930,1611524,0.11537526,2020,IA
174,Iowa,"Transportation and warehousing, and utilities",80042,1611524,0.049668513,2020,IA
175,Iowa,Information,25116,1611524,0.015585247,2020,IA
176,Iowa,"Finance and insurance, and real estate and rental and leasing",124973,1611524,0.077549574,2020,IA
177,Iowa,"Professional, scientific, and management, and administrative and waste management services",119391,1611524,0.074085772,2020,IA
178,Iowa,"Educational services, and health care and social assistance",391707,1611524,0.243066191,2020,IA
179,Iowa,"Arts, entertainment, and recreation, and accommodation and food services",116108,1611524,0.07204857,2020,IA
180,Iowa,"Other services, except public administration",70677,1611524,0.043857243,2020,IA
181,Iowa,Public administration,49737,1611524,0.030863332,2020,IA
182,Kansas,"Agriculture, forestry, fishing and hunting, and mining",44776,1444074,0.031006721,2020,KS
183,Kansas,Construction,92469,1444074,0.064033422,2020,KS
184,Kansas,Manufacturing,180810,1444074,0.125208265,2020,KS
185,Kansas,Wholesale trade,39755,1444074,0.027529753,2020,KS
186,Kansas,Retail trade,151825,1444074,0.105136579,2020,KS
187,Kansas,"Transportation and warehousing, and utilities",74028,1444074,0.051263301,2020,KS
188,Kansas,Information,26172,1444074,0.018123725,2020,KS
189,Kansas,"Finance and insurance, and real estate and rental and leasing",90552,1444074,0.062705928,2020,KS
190,Kansas,"Professional, scientific, and management, and administrative and waste management services",139487,1444074,0.096592695,2020,KS
191,Kansas,"Educational services, and health care and social assistance",357098,1444074,0.247285111,2020,KS
192,Kansas,"Arts, entertainment, and recreation, and accommodation and food services",117866,1444074,0.081620471,2020,KS
193,Kansas,"Other services, except public administration",64545,1444074,0.044696463,2020,KS
194,Kansas,Public administration,64691,1444074,0.044797566,2020,KS
195,Kentucky,"Agriculture, forestry, fishing and hunting, and mining",38742,1993889,0.019430369,2020,KY
196,Kentucky,Construction,120705,1993889,0.060537472,2020,KY
197,Kentucky,Manufacturing,285652,1993889,0.143263742,2020,KY
198,Kentucky,Wholesale trade,48645,1993889,0.024397045,2020,KY
199,Kentucky,Retail trade,232878,1993889,0.11679587,2020,KY
200,Kentucky,"Transportation and warehousing, and utilities",128927,1993889,0.064661072,2020,KY
201,Kentucky,Information,30742,1993889,0.01541811,2020,KY
202,Kentucky,"Finance and insurance, and real estate and rental and leasing",113066,1993889,0.056706266,2020,KY
203,Kentucky,"Professional, scientific, and management, and administrative and waste management services",171012,1993889,0.085768064,2020,KY
204,Kentucky,"Educational services, and health care and social assistance",479978,1993889,0.240724534,2020,KY
205,Kentucky,"Arts, entertainment, and recreation, and accommodation and food services",169669,1993889,0.085094506,2020,KY
206,Kentucky,"Other services, except public administration",89127,1993889,0.044700081,2020,KY
207,Kentucky,Public administration,84746,1993889,0.042502868,2020,KY
208,Louisiana,"Agriculture, forestry, fishing and hunting, and mining",74435,2023915,0.03677773,2020,LA
209,Louisiana,Construction,163005,2023915,0.08053945,2020,LA
210,Louisiana,Manufacturing,154644,2023915,0.076408347,2020,LA
211,Louisiana,Wholesale trade,52072,2023915,0.025728353,2020,LA
212,Louisiana,Retail trade,229843,2023915,0.113563564,2020,LA
213,Louisiana,"Transportation and warehousing, and utilities",113660,2023915,0.056158485,2020,LA
214,Louisiana,Information,30216,2023915,0.014929481,2020,LA
215,Louisiana,"Finance and insurance, and real estate and rental and leasing",102930,2023915,0.050856879,2020,LA
216,Louisiana,"Professional, scientific, and management, and administrative and waste management services",187073,2023915,0.092431253,2020,LA
217,Louisiana,"Educational services, and health care and social assistance",496410,2023915,0.245272158,2020,LA
218,Louisiana,"Arts, entertainment, and recreation, and accommodation and food services",207668,2023915,0.102607076,2020,LA
219,Louisiana,"Other services, except public administration",103888,2023915,0.051330219,2020,LA
220,Louisiana,Public administration,108071,2023915,0.053397005,2020,LA
221,Maine,"Agriculture, forestry, fishing and hunting, and mining",16541,675784,0.024476756,2020,ME
222,Maine,Construction,49437,675784,0.073155032,2020,ME
223,Maine,Manufacturing,58514,675784,0.086586838,2020,ME
224,Maine,Wholesale trade,13469,675784,0.019930925,2020,ME
225,Maine,Retail trade,87138,675784,0.128943568,2020,ME
226,Maine,"Transportation and warehousing, and utilities",27860,675784,0.041226191,2020,ME
227,Maine,Information,11040,675784,0.016336581,2020,ME
228,Maine,"Finance and insurance, and real estate and rental and leasing",42823,675784,0.063367881,2020,ME
229,Maine,"Professional, scientific, and management, and administrative and waste management services",62314,675784,0.092209937,2020,ME
230,Maine,"Educational services, and health care and social assistance",189240,675784,0.280030306,2020,ME
231,Maine,"Arts, entertainment, and recreation, and accommodation and food services",56603,675784,0.083759012,2020,ME
232,Maine,"Other services, except public administration",30999,675784,0.045871166,2020,ME
233,Maine,Public administration,29806,675784,0.044105809,2020,ME
234,Maryland,"Agriculture, forestry, fishing and hunting, and mining",15658,3076280,0.005089914,2020,MD
235,Maryland,Construction,218284,3076280,0.07095713,2020,MD
236,Maryland,Manufacturing,139913,3076280,0.045481231,2020,MD
237,Maryland,Wholesale trade,53107,3076280,0.017263383,2020,MD
238,Maryland,Retail trade,284694,3076280,0.092544892,2020,MD
239,Maryland,"Transportation and warehousing, and utilities",148833,3076280,0.048380837,2020,MD
240,Maryland,Information,58832,3076280,0.019124397,2020,MD
241,Maryland,"Finance and insurance, and real estate and rental and leasing",187726,3076280,0.061023704,2020,MD
242,Maryland,"Professional, scientific, and management, and administrative and waste management services",484811,3076280,0.157596513,2020,MD
243,Maryland,"Educational services, and health care and social assistance",730263,3076280,0.237385088,2020,MD
244,Maryland,"Arts, entertainment, and recreation, and accommodation and food services",250590,3076280,0.081458775,2020,MD
245,Maryland,"Other services, except public administration",167531,3076280,0.054458957,2020,MD
246,Maryland,Public administration,336038,3076280,0.10923518,2020,MD
247,Massachusetts,"Agriculture, forestry, fishing and hunting, and mining",15060,3615725,0.00416514,2020,MA
248,Massachusetts,Construction,208482,3615725,0.057659805,2020,MA
249,Massachusetts,Manufacturing,319301,3615725,0.088308984,2020,MA
250,Massachusetts,Wholesale trade,78552,3615725,0.021725104,2020,MA
251,Massachusetts,Retail trade,364481,3615725,0.100804403,2020,MA
252,Massachusetts,"Transportation and warehousing, and utilities",143871,3615725,0.03979036,2020,MA
253,Massachusetts,Information,80905,3615725,0.022375872,2020,MA
254,Massachusetts,"Finance and insurance, and real estate and rental and leasing",264886,3615725,0.073259443,2020,MA
255,Massachusetts,"Professional, scientific, and management, and administrative and waste management services",521893,3615725,0.144339794,2020,MA
256,Massachusetts,"Educational services, and health care and social assistance",1019819,3615725,0.282051041,2020,MA
257,Massachusetts,"Arts, entertainment, and recreation, and accommodation and food services",297992,3615725,0.08241556,2020,MA
258,Massachusetts,"Other services, except public administration",161382,3615725,0.044633372,2020,MA
259,Massachusetts,Public administration,139101,3615725,0.038471123,2020,MA
260,Michigan,"Agriculture, forestry, fishing and hunting, and mining",52798,4658357,0.011334039,2020,MI
261,Michigan,Construction,257038,4658357,0.055177823,2020,MI
262,Michigan,Manufacturing,865163,4658357,0.185722777,2020,MI
263,Michigan,Wholesale trade,110651,4658357,0.023753225,2020,MI
264,Michigan,Retail trade,499752,4658357,0.107280743,2020,MI
265,Michigan,"Transportation and warehousing, and utilities",207259,4658357,0.044491867,2020,MI
266,Michigan,Information,62541,4658357,0.013425549,2020,MI
267,Michigan,"Finance and insurance, and real estate and rental and leasing",260053,4658357,0.055825047,2020,MI
268,Michigan,"Professional, scientific, and management, and administrative and waste management services",451320,4658357,0.096883944,2020,MI
269,Michigan,"Educational services, and health care and social assistance",1089747,4658357,0.233933767,2020,MI
270,Michigan,"Arts, entertainment, and recreation, and accommodation and food services",427660,4658357,0.0918049,2020,MI
271,Michigan,"Other services, except public administration",213577,4658357,0.045848139,2020,MI
272,Michigan,Public administration,160798,4658357,0.034518179,2020,MI
273,Minnesota,"Agriculture, forestry, fishing and hunting, and mining",61376,2957615,0.020751856,2020,MN
274,Minnesota,Construction,180652,2957615,0.061080296,2020,MN
275,Minnesota,Manufacturing,397516,2957615,0.134404241,2020,MN
276,Minnesota,Wholesale trade,83238,2957615,0.028143622,2020,MN
277,Minnesota,Retail trade,319237,2957615,0.107937308,2020,MN
278,Minnesota,"Transportation and warehousing, and utilities",137643,2957615,0.046538512,2020,MN
279,Minnesota,Information,46995,2957615,0.015889492,2020,MN
280,Minnesota,"Finance and insurance, and real estate and rental and leasing",214936,2957615,0.072672069,2020,MN
281,Minnesota,"Professional, scientific, and management, and administrative and waste management services",295578,2957615,0.099937957,2020,MN
282,Minnesota,"Educational services, and health care and social assistance",753814,2957615,0.254872253,2020,MN
283,Minnesota,"Arts, entertainment, and recreation, and accommodation and food services",233675,2957615,0.079007917,2020,MN
284,Minnesota,"Other services, except public administration",126435,2957615,0.042748972,2020,MN
285,Minnesota,Public administration,106520,2957615,0.036015506,2020,MN
286,Mississippi,"Agriculture, forestry, fishing and hunting, and mining",28694,1243095,0.023082709,2020,MS
287,Mississippi,Construction,83156,1243095,0.066894324,2020,MS
288,Mississippi,Manufacturing,163939,1243095,0.131879703,2020,MS
289,Mississippi,Wholesale trade,29983,1243095,0.024119637,2020,MS
290,Mississippi,Retail trade,140140,1243095,0.112734747,2020,MS
291,Mississippi,"Transportation and warehousing, and utilities",81316,1243095,0.065414148,2020,MS
292,Mississippi,Information,14477,1243095,0.011645932,2020,MS
293,Mississippi,"Finance and insurance, and real estate and rental and leasing",56316,1243095,0.045303054,2020,MS
294,Mississippi,"Professional, scientific, and management, and administrative and waste management services",86231,1243095,0.069367989,2020,MS
295,Mississippi,"Educational services, and health care and social assistance",316357,1243095,0.254491411,2020,MS
296,Mississippi,"Arts, entertainment, and recreation, and accommodation and food services",117848,1243095,0.094802087,2020,MS
297,Mississippi,"Other services, except public administration",58887,1243095,0.047371279,2020,MS
298,Mississippi,Public administration,65751,1243095,0.052892981,2020,MS
299,Missouri,"Agriculture, forestry, fishing and hunting, and mining",49319,2932918,0.016815676,2020,MO
300,Missouri,Construction,191823,2932918,0.065403465,2020,MO
301,Missouri,Manufacturing,335105,2932918,0.114256519,2020,MO
302,Missouri,Wholesale trade,79004,2932918,0.026936996,2020,MO
303,Missouri,Retail trade,336668,2932918,0.114789435,2020,MO
304,Missouri,"Transportation and warehousing, and utilities",163524,2932918,0.055754713,2020,MO
305,Missouri,Information,52351,2932918,0.017849459,2020,MO
306,Missouri,"Finance and insurance, and real estate and rental and leasing",208501,2932918,0.071089952,2020,MO
307,Missouri,"Professional, scientific, and management, and administrative and waste management services",287027,2932918,0.09786397,2020,MO
308,Missouri,"Educational services, and health care and social assistance",705543,2932918,0.240560084,2020,MO
309,Missouri,"Arts, entertainment, and recreation, and accommodation and food services",257272,2932918,0.087718784,2020,MO
310,Missouri,"Other services, except public administration",139206,2932918,0.047463311,2020,MO
311,Missouri,Public administration,127575,2932918,0.043497636,2020,MO
312,Montana,"Agriculture, forestry, fishing and hunting, and mining",33072,520043,0.063594741,2020,MT
313,Montana,Construction,42680,520043,0.082070137,2020,MT
314,Montana,Manufacturing,25990,520043,0.049976637,2020,MT
315,Montana,Wholesale trade,11009,520043,0.021169403,2020,MT
316,Montana,Retail trade,63971,520043,0.123010982,2020,MT
317,Montana,"Transportation and warehousing, and utilities",27257,520043,0.052412974,2020,MT
318,Montana,Information,8224,520043,0.015814077,2020,MT
319,Montana,"Finance and insurance, and real estate and rental and leasing",28210,520043,0.054245514,2020,MT
320,Montana,"Professional, scientific, and management, and administrative and waste management services",45656,520043,0.08779274,2020,MT
321,Montana,"Educational services, and health care and social assistance",120662,520043,0.232023121,2020,MT
322,Montana,"Arts, entertainment, and recreation, and accommodation and food services",59115,520043,0.113673292,2020,MT
323,Montana,"Other services, except public administration",25014,520043,0.048099869,2020,MT
324,Montana,Public administration,29183,520043,0.056116513,2020,MT
325,Nebraska,"Agriculture, forestry, fishing and hunting, and mining",43549,999772,0.043558931,2020,NE
326,Nebraska,Construction,69761,999772,0.069776909,2020,NE
327,Nebraska,Manufacturing,102384,999772,0.102407349,2020,NE
328,Nebraska,Wholesale trade,26154,999772,0.026159964,2020,NE
329,Nebraska,Retail trade,110109,999772,0.110134111,2020,NE
330,Nebraska,"Transportation and warehousing, and utilities",59007,999772,0.059020457,2020,NE
331,Nebraska,Information,17899,999772,0.017903082,2020,NE
332,Nebraska,"Finance and insurance, and real estate and rental and leasing",75967,999772,0.075984324,2020,NE
333,Nebraska,"Professional, scientific, and management, and administrative and waste management services",88699,999772,0.088719228,2020,NE
334,Nebraska,"Educational services, and health care and social assistance",245352,999772,0.245407953,2020,NE
335,Nebraska,"Arts, entertainment, and recreation, and accommodation and food services",74160,999772,0.074176912,2020,NE
336,Nebraska,"Other services, except public administration",44963,999772,0.044973254,2020,NE
337,Nebraska,Public administration,41768,999772,0.041777525,2020,NE
338,Nevada,"Agriculture, forestry, fishing and hunting, and mining",19815,1425040,0.013904873,2020,NV
339,Nevada,Construction,103255,1425040,0.072457615,2020,NV
340,Nevada,Manufacturing,68651,1425040,0.048174788,2020,NV
341,Nevada,Wholesale trade,29963,1425040,0.021026076,2020,NV
342,Nevada,Retail trade,164356,1425040,0.115334306,2020,NV
343,Nevada,"Transportation and warehousing, and utilities",87835,1425040,0.061636866,2020,NV
344,Nevada,Information,21929,1425040,0.01538834,2020,NV
345,Nevada,"Finance and insurance, and real estate and rental and leasing",79205,1425040,0.055580896,2020,NV
346,Nevada,"Professional, scientific, and management, and administrative and waste management services",163316,1425040,0.114604502,2020,NV
347,Nevada,"Educational services, and health care and social assistance",232486,1425040,0.163143491,2020,NV
348,Nevada,"Arts, entertainment, and recreation, and accommodation and food services",328529,1425040,0.230540195,2020,NV
349,Nevada,"Other services, except public administration",66182,1425040,0.046442205,2020,NV
350,Nevada,Public administration,59518,1425040,0.041765845,2020,NV
351,New Hampshire,"Agriculture, forestry, fishing and hunting, and mining",5551,730223,0.007601787,2020,NH
352,New Hampshire,Construction,50085,730223,0.068588637,2020,NH
353,New Hampshire,Manufacturing,92104,730223,0.126131332,2020,NH
354,New Hampshire,Wholesale trade,19060,730223,0.026101616,2020,NH
355,New Hampshire,Retail trade,89094,730223,0.122009304,2020,NH
356,New Hampshire,"Transportation and warehousing, and utilities",27227,730223,0.03728587,2020,NH
357,New Hampshire,Information,14217,730223,0.019469395,2020,NH
358,New Hampshire,"Finance and insurance, and real estate and rental and leasing",46048,730223,0.063060188,2020,NH
359,New Hampshire,"Professional, scientific, and management, and administrative and waste management services",82008,730223,0.112305419,2020,NH
360,New Hampshire,"Educational services, and health care and social assistance",180390,730223,0.247034125,2020,NH
361,New Hampshire,"Arts, entertainment, and recreation, and accommodation and food services",63270,730223,0.086644765,2020,NH
362,New Hampshire,"Other services, except public administration",31592,730223,0.043263496,2020,NH
363,New Hampshire,Public administration,29577,730223,0.040504065,2020,NH
364,New Jersey,"Agriculture, forestry, fishing and hunting, and mining",14116,4426619,0.00318889,2020,NJ
365,New Jersey,Construction,262935,4426619,0.059398606,2020,NJ
366,New Jersey,Manufacturing,359528,4426619,0.081219549,2020,NJ
367,New Jersey,Wholesale trade,145005,4426619,0.032757506,2020,NJ
368,New Jersey,Retail trade,473583,4426619,0.106985263,2020,NJ
369,New Jersey,"Transportation and warehousing, and utilities",282432,4426619,0.063803097,2020,NJ
370,New Jersey,Information,116482,4426619,0.026313988,2020,NJ
371,New Jersey,"Finance and insurance, and real estate and rental and leasing",377720,4426619,0.085329232,2020,NJ
372,New Jersey,"Professional, scientific, and management, and administrative and waste management services",604462,4426619,0.136551621,2020,NJ
373,New Jersey,"Educational services, and health care and social assistance",1065323,4426619,0.240662908,2020,NJ
374,New Jersey,"Arts, entertainment, and recreation, and accommodation and food services",344465,4426619,0.077816726,2020,NJ
375,New Jersey,"Other services, except public administration",187183,4426619,0.042285772,2020,NJ
376,New Jersey,Public administration,193385,4426619,0.043686841,2020,NJ
377,New Mexico,"Agriculture, forestry, fishing and hunting, and mining",35474,889193,0.039894601,2020,NM
378,New Mexico,Construction,64253,889193,0.072259903,2020,NM
379,New Mexico,Manufacturing,35522,889193,0.039948583,2020,NM
380,New Mexico,Wholesale trade,15938,889193,0.017924118,2020,NM
381,New Mexico,Retail trade,99088,889193,0.111435875,2020,NM
382,New Mexico,"Transportation and warehousing, and utilities",38845,889193,0.043685679,2020,NM
383,New Mexico,Information,12450,889193,0.01400146,2020,NM
384,New Mexico,"Finance and insurance, and real estate and rental and leasing",42483,889193,0.047777029,2020,NM
385,New Mexico,"Professional, scientific, and management, and administrative and waste management services",103446,889193,0.116336948,2020,NM
386,New Mexico,"Educational services, and health care and social assistance",228325,889193,0.256777775,2020,NM
387,New Mexico,"Arts, entertainment, and recreation, and accommodation and food services",96220,889193,0.108210478,2020,NM
388,New Mexico,"Other services, except public administration",49685,889193,0.055876508,2020,NM
389,New Mexico,Public administration,67464,889193,0.075871043,2020,NM
390,New York,"Agriculture, forestry, fishing and hunting, and mining",54095,9438639,0.005731229,2020,NY
391,New York,Construction,537024,9438639,0.056896339,2020,NY
392,New York,Manufacturing,562150,9438639,0.059558375,2020,NY
393,New York,Wholesale trade,210094,9438639,0.022258929,2020,NY
394,New York,Retail trade,939055,9438639,0.099490509,2020,NY
395,New York,"Transportation and warehousing, and utilities",522604,9438639,0.055368576,2020,NY
396,New York,Information,265898,9438639,0.028171223,2020,NY
397,New York,"Finance and insurance, and real estate and rental and leasing",762509,9438639,0.080785906,2020,NY
398,New York,"Professional, scientific, and management, and administrative and waste management services",1155757,9438639,0.12244954,2020,NY
399,New York,"Educational services, and health care and social assistance",2673758,9438639,0.283277918,2020,NY
400,New York,"Arts, entertainment, and recreation, and accommodation and food services",854148,9438639,0.090494827,2020,NY
401,New York,"Other services, except public administration",451662,9438639,0.04785245,2020,NY
402,New York,Public administration,449885,9438639,0.047664181,2020,NY
403,North Carolina,"Agriculture, forestry, fishing and hunting, and mining",59268,4833887,0.01226094,2020,NC
404,North Carolina,Construction,337824,4833887,0.069886615,2020,NC
405,North Carolina,Manufacturing,583148,4833887,0.120637491,2020,NC
406,North Carolina,Wholesale trade,120719,4833887,0.024973484,2020,NC
407,North Carolina,Retail trade,558989,4833887,0.11563965,2020,NC
408,North Carolina,"Transportation and warehousing, and utilities",231653,4833887,0.047922717,2020,NC
409,North Carolina,Information,81794,4833887,0.016920958,2020,NC
410,North Carolina,"Finance and insurance, and real estate and rental and leasing",323833,4833887,0.066992257,2020,NC
411,North Carolina,"Professional, scientific, and management, and administrative and waste management services",541815,4833887,0.112086815,2020,NC
412,North Carolina,"Educational services, and health care and social assistance",1103440,4833887,0.228271782,2020,NC
413,North Carolina,"Arts, entertainment, and recreation, and accommodation and food services",451053,4833887,0.093310621,2020,NC
414,North Carolina,"Other services, except public administration",241463,4833887,0.04995214,2020,NC
415,North Carolina,Public administration,198888,4833887,0.041144528,2020,NC
416,North Dakota,"Agriculture, forestry, fishing and hunting, and mining",36877,401579,0.091830001,2020,ND
417,North Dakota,Construction,29823,401579,0.074264342,2020,ND
418,North Dakota,Manufacturing,26976,401579,0.067174827,2020,ND
419,North Dakota,Wholesale trade,13562,401579,0.033771686,2020,ND
420,North Dakota,Retail trade,45448,401579,0.113173249,2020,ND
421,North Dakota,"Transportation and warehousing, and utilities",21738,401579,0.054131317,2020,ND
422,North Dakota,Information,4872,401579,0.012132109,2020,ND
423,North Dakota,"Finance and insurance, and real estate and rental and leasing",22823,401579,0.056833151,2020,ND
424,North Dakota,"Professional, scientific, and management, and administrative and waste management services",26665,401579,0.066400384,2020,ND
425,North Dakota,"Educational services, and health care and social assistance",104354,401579,0.259859206,2020,ND
426,North Dakota,"Arts, entertainment, and recreation, and accommodation and food services",31832,401579,0.079267093,2020,ND
427,North Dakota,"Other services, except public administration",17609,401579,0.043849404,2020,ND
428,North Dakota,Public administration,19000,401579,0.047313231,2020,ND
429,Ohio,"Agriculture, forestry, fishing and hunting, and mining",53718,5603630,0.009586286,2020,OH
430,Ohio,Construction,313136,5603630,0.05588092,2020,OH
431,Ohio,Manufacturing,845301,5603630,0.150848825,2020,OH
432,Ohio,Wholesale trade,144516,5603630,0.025789711,2020,OH
433,Ohio,Retail trade,631658,5603630,0.112723003,2020,OH
434,Ohio,"Transportation and warehousing, and utilities",301653,5603630,0.053831713,2020,OH
435,Ohio,Information,84723,5603630,0.015119307,2020,OH
436,Ohio,"Finance and insurance, and real estate and rental and leasing",361765,5603630,0.064559045,2020,OH
437,Ohio,"Professional, scientific, and management, and administrative and waste management services",548595,5603630,0.097899933,2020,OH
438,Ohio,"Educational services, and health care and social assistance",1358326,5603630,0.242401086,2020,OH
439,Ohio,"Arts, entertainment, and recreation, and accommodation and food services",499405,5603630,0.089121694,2020,OH
440,Ohio,"Other services, except public administration",244238,5603630,0.043585676,2020,OH
441,Ohio,Public administration,216596,5603630,0.038652802,2020,OH
442,Oklahoma,"Agriculture, forestry, fishing and hunting, and mining",77366,1779157,0.043484639,2020,OK
443,Oklahoma,Construction,126998,1779157,0.071380997,2020,OK
444,Oklahoma,Manufacturing,170330,1779157,0.095736352,2020,OK
445,Oklahoma,Wholesale trade,45401,1779157,0.025518265,2020,OK
446,Oklahoma,Retail trade,204679,1779157,0.115042686,2020,OK
447,Oklahoma,"Transportation and warehousing, and utilities",97283,1779157,0.054679267,2020,OK
448,Oklahoma,Information,27785,1779157,0.015616947,2020,OK
449,Oklahoma,"Finance and insurance, and real estate and rental and leasing",97235,1779157,0.054652288,2020,OK
450,Oklahoma,"Professional, scientific, and management, and administrative and waste management services",154280,1779157,0.086715225,2020,OK
451,Oklahoma,"Educational services, and health care and social assistance",401780,1779157,0.225826051,2020,OK
452,Oklahoma,"Arts, entertainment, and recreation, and accommodation and food services",171558,1779157,0.096426566,2020,OK
453,Oklahoma,"Other services, except public administration",94216,1779157,0.052955417,2020,OK
454,Oklahoma,Public administration,110246,1779157,0.061965302,2020,OK
455,Oregon,"Agriculture, forestry, fishing and hunting, and mining",61791,2014487,0.030673318,2020,OR
456,Oregon,Construction,130474,2014487,0.064767854,2020,OR
457,Oregon,Manufacturing,224692,2014487,0.111538074,2020,OR
458,Oregon,Wholesale trade,52801,2014487,0.026210643,2020,OR
459,Oregon,Retail trade,233421,2014487,0.115871187,2020,OR
460,Oregon,"Transportation and warehousing, and utilities",90567,2014487,0.044957848,2020,OR
461,Oregon,Information,34387,2014487,0.017069855,2020,OR
462,Oregon,"Finance and insurance, and real estate and rental and leasing",111493,2014487,0.055345604,2020,OR
463,Oregon,"Professional, scientific, and management, and administrative and waste management services",227418,2014487,0.112891272,2020,OR
464,Oregon,"Educational services, and health care and social assistance",470563,2014487,0.233589494,2020,OR
465,Oregon,"Arts, entertainment, and recreation, and accommodation and food services",193091,2014487,0.095851202,2020,OR
466,Oregon,"Other services, except public administration",90541,2014487,0.044944941,2020,OR
467,Oregon,Public administration,93248,2014487,0.046288708,2020,OR
468,Pennsylvania,"Agriculture, forestry, fishing and hunting, and mining",78501,6206839,0.012647501,2020,PA
469,Pennsylvania,Construction,370375,6206839,0.059672081,2020,PA
470,Pennsylvania,Manufacturing,722463,6206839,0.116397896,2020,PA
471,Pennsylvania,Wholesale trade,161872,6206839,0.02607962,2020,PA
472,Pennsylvania,Retail trade,679659,6206839,0.109501632,2020,PA
473,Pennsylvania,"Transportation and warehousing, and utilities",357042,6206839,0.057523967,2020,PA
474,Pennsylvania,Information,100428,6206839,0.016180217,2020,PA
475,Pennsylvania,"Finance and insurance, and real estate and rental and leasing",409691,6206839,0.066006384,2020,PA
476,Pennsylvania,"Professional, scientific, and management, and administrative and waste management services",658328,6206839,0.106064939,2020,PA
477,Pennsylvania,"Educational services, and health care and social assistance",1627281,6206839,0.262175481,2020,PA
478,Pennsylvania,"Arts, entertainment, and recreation, and accommodation and food services",501580,6206839,0.08081086,2020,PA
479,Pennsylvania,"Other services, except public administration",293034,6206839,0.047211471,2020,PA
480,Pennsylvania,Public administration,246585,6206839,0.039727952,2020,PA
481,Rhode Island,"Agriculture, forestry, fishing and hunting, and mining",2676,535140,0.005000561,2020,RI
482,Rhode Island,Construction,32497,535140,0.060726165,2020,RI
483,Rhode Island,Manufacturing,56630,535140,0.105822775,2020,RI
484,Rhode Island,Wholesale trade,12026,535140,0.022472624,2020,RI
485,Rhode Island,Retail trade,61959,535140,0.115780917,2020,RI
486,Rhode Island,"Transportation and warehousing, and utilities",22628,535140,0.042284262,2020,RI
487,Rhode Island,Information,7937,535140,0.014831633,2020,RI
488,Rhode Island,"Finance and insurance, and real estate and rental and leasing",35812,535140,0.066920806,2020,RI
489,Rhode Island,"Professional, scientific, and management, and administrative and waste management services",56662,535140,0.105882573,2020,RI
490,Rhode Island,"Educational services, and health care and social assistance",146465,535140,0.273694734,2020,RI
491,Rhode Island,"Arts, entertainment, and recreation, and accommodation and food services",53729,535140,0.100401764,2020,RI
492,Rhode Island,"Other services, except public administration",24644,535140,0.046051501,2020,RI
493,Rhode Island,Public administration,21475,535140,0.040129686,2020,RI
494,South Carolina,"Agriculture, forestry, fishing and hunting, and mining",21707,2312831,0.009385467,2020,SC
495,South Carolina,Construction,159136,2312831,0.068805719,2020,SC
496,South Carolina,Manufacturing,310653,2312831,0.134317207,2020,SC
497,South Carolina,Wholesale trade,55126,2312831,0.023834859,2020,SC
498,South Carolina,Retail trade,272348,2312831,0.117755253,2020,SC
499,South Carolina,"Transportation and warehousing, and utilities",121924,2312831,0.052716346,2020,SC
500,South Carolina,Information,34945,2312831,0.015109189,2020,SC
501,South Carolina,"Finance and insurance, and real estate and rental and leasing",132837,2312831,0.057434806,2020,SC
502,South Carolina,"Professional, scientific, and management, and administrative and waste management services",242008,2312831,0.104637131,2020,SC
503,South Carolina,"Educational services, and health care and social assistance",510174,2312831,0.22058421,2020,SC
504,South Carolina,"Arts, entertainment, and recreation, and accommodation and food services",231450,2312831,0.100072163,2020,SC
505,South Carolina,"Other services, except public administration",117145,2312831,0.050650047,2020,SC
506,South Carolina,Public administration,103378,2312831,0.044697602,2020,SC
507,South Dakota,"Agriculture, forestry, fishing and hunting, and mining",28841,447607,0.064433756,2020,SD
508,South Dakota,Construction,31693,447607,0.070805416,2020,SD
509,South Dakota,Manufacturing,44942,447607,0.100405043,2020,SD
510,South Dakota,Wholesale trade,12558,447607,0.028055862,2020,SD
511,South Dakota,Retail trade,51419,447607,0.114875326,2020,SD
512,South Dakota,"Transportation and warehousing, and utilities",19274,447607,0.043060095,2020,SD
513,South Dakota,Information,6734,447607,0.015044447,2020,SD
514,South Dakota,"Finance and insurance, and real estate and rental and leasing",32792,447607,0.073260695,2020,SD
515,South Dakota,"Professional, scientific, and management, and administrative and waste management services",29580,447607,0.066084757,2020,SD
516,South Dakota,"Educational services, and health care and social assistance",107425,447607,0.239998481,2020,SD
517,South Dakota,"Arts, entertainment, and recreation, and accommodation and food services",40036,447607,0.089444535,2020,SD
518,South Dakota,"Other services, except public administration",20237,447607,0.045211536,2020,SD
519,South Dakota,Public administration,22076,447607,0.049320051,2020,SD
520,Tennessee,"Agriculture, forestry, fishing and hunting, and mining",30647,3147330,0.00973746,2020,TN
521,Tennessee,Construction,207930,3147330,0.066065522,2020,TN
522,Tennessee,Manufacturing,407372,3147330,0.129434155,2020,TN
523,Tennessee,Wholesale trade,78540,3147330,0.024954485,2020,TN
524,Tennessee,Retail trade,363783,3147330,0.115584638,2020,TN
525,Tennessee,"Transportation and warehousing, and utilities",213485,3147330,0.06783051,2020,TN
526,Tennessee,Information,51646,3147330,0.016409465,2020,TN
527,Tennessee,"Finance and insurance, and real estate and rental and leasing",185646,3147330,0.058985235,2020,TN
528,Tennessee,"Professional, scientific, and management, and administrative and waste management services",313118,3147330,0.099486867,2020,TN
529,Tennessee,"Educational services, and health care and social assistance",710151,3147330,0.225636015,2020,TN
530,Tennessee,"Arts, entertainment, and recreation, and accommodation and food services",302798,3147330,0.096207897,2020,TN
531,Tennessee,"Other services, except public administration",151445,3147330,0.048118564,2020,TN
532,Tennessee,Public administration,130769,3147330,0.041549186,2020,TN
533,Texas,"Agriculture, forestry, fishing and hunting, and mining",382157,13461358,0.028389186,2020,TX
534,Texas,Construction,1162805,13461358,0.086380958,2020,TX
535,Texas,Manufacturing,1136354,13461358,0.084416,2020,TX
536,Texas,Wholesale trade,376139,13461358,0.027942129,2020,TX
537,Texas,Retail trade,1511963,13461358,0.112318757,2020,TX
538,Texas,"Transportation and warehousing, and utilities",808075,13461358,0.060029233,2020,TX
539,Texas,Information,227404,13461358,0.016893095,2020,TX
540,Texas,"Finance and insurance, and real estate and rental and leasing",911531,13461358,0.067714639,2020,TX
541,Texas,"Professional, scientific, and management, and administrative and waste management services",1576600,13461358,0.117120427,2020,TX
542,Texas,"Educational services, and health care and social assistance",2932061,13461358,0.217813166,2020,TX
543,Texas,"Arts, entertainment, and recreation, and accommodation and food services",1212944,13461358,0.090105619,2020,TX
544,Texas,"Other services, except public administration",680503,13461358,0.050552329,2020,TX
545,Texas,Public administration,542822,13461358,0.040324461,2020,TX
546,Utah,"Agriculture, forestry, fishing and hunting, and mining",23649,1537623,0.015380233,2020,UT
547,Utah,Construction,111250,1537623,0.072351935,2020,UT
548,Utah,Manufacturing,153651,1537623,0.099927616,2020,UT
549,Utah,Wholesale trade,37330,1537623,0.024277733,2020,UT
550,Utah,Retail trade,177007,1537623,0.115117295,2020,UT
551,Utah,"Transportation and warehousing, and utilities",79356,1537623,0.05160953,2020,UT
552,Utah,Information,30835,1537623,0.02005368,2020,UT
553,Utah,"Finance and insurance, and real estate and rental and leasing",109705,1537623,0.071347138,2020,UT
554,Utah,"Professional, scientific, and management, and administrative and waste management services",194997,1537623,0.126817172,2020,UT
555,Utah,"Educational services, and health care and social assistance",344198,1537623,0.22385071,2020,UT
556,Utah,"Arts, entertainment, and recreation, and accommodation and food services",134605,1537623,0.087540964,2020,UT
557,Utah,"Other services, except public administration",68637,1537623,0.04463838,2020,UT
558,Utah,Public administration,72403,1537623,0.047087615,2020,UT
559,Vermont,"Agriculture, forestry, fishing and hunting, and mining",8716,328642,0.02652126,2020,VT
560,Vermont,Construction,23483,328642,0.071454653,2020,VT
561,Vermont,Manufacturing,34381,328642,0.104615357,2020,VT
562,Vermont,Wholesale trade,6161,328642,0.018746843,2020,VT
563,Vermont,Retail trade,37586,328642,0.11436761,2020,VT
564,Vermont,"Transportation and warehousing, and utilities",9930,328642,0.030215249,2020,VT
565,Vermont,Information,5462,328642,0.016619909,2020,VT
566,Vermont,"Finance and insurance, and real estate and rental and leasing",15646,328642,0.047608035,2020,VT
567,Vermont,"Professional, scientific, and management, and administrative and waste management services",29821,328642,0.090740076,2020,VT
568,Vermont,"Educational services, and health care and social assistance",94190,328642,0.28660366,2020,VT
569,Vermont,"Arts, entertainment, and recreation, and accommodation and food services",31942,328642,0.097193907,2020,VT
570,Vermont,"Other services, except public administration",15017,328642,0.045694099,2020,VT
571,Vermont,Public administration,16307,328642,0.049619343,2020,VT
572,Virginia,"Agriculture, forestry, fishing and hunting, and mining",35355,4179739,0.008458662,2020,VA
573,Virginia,Construction,274146,4179739,0.065589263,2020,VA
574,Virginia,Manufacturing,294903,4179739,0.070555362,2020,VA
575,Virginia,Wholesale trade,73495,4179739,0.017583634,2020,VA
576,Virginia,Retail trade,423525,4179739,0.101328097,2020,VA
577,Virginia,"Transportation and warehousing, and utilities",189418,4179739,0.045318141,2020,VA
578,Virginia,Information,78532,4179739,0.018788733,2020,VA
579,Virginia,"Finance and insurance, and real estate and rental and leasing",265113,4179739,0.063428123,2020,VA
580,Virginia,"Professional, scientific, and management, and administrative and waste management services",663421,4179739,0.158723069,2020,VA
581,Virginia,"Educational services, and health care and social assistance",926211,4179739,0.221595415,2020,VA
582,Virginia,"Arts, entertainment, and recreation, and accommodation and food services",365693,4179739,0.087491827,2020,VA
583,Virginia,"Other services, except public administration",220156,4179739,0.052672188,2020,VA
584,Virginia,Public administration,369771,4179739,0.088467486,2020,VA
585,Washington,"Agriculture, forestry, fishing and hunting, and mining",90751,3660034,0.024795125,2020,WA
586,Washington,Construction,254382,3660034,0.069502633,2020,WA
587,Washington,Manufacturing,348001,3660034,0.095081357,2020,WA
588,Washington,Wholesale trade,98459,3660034,0.026901116,2020,WA
589,Washington,Retail trade,425312,3660034,0.116204385,2020,WA
590,Washington,"Transportation and warehousing, and utilities",199867,3660034,0.054607963,2020,WA
591,Washington,Information,79372,3660034,0.021686137,2020,WA
592,Washington,"Finance and insurance, and real estate and rental and leasing",193558,3660034,0.052884208,2020,WA
593,Washington,"Professional, scientific, and management, and administrative and waste management services",499065,3660034,0.136355291,2020,WA
594,Washington,"Educational services, and health care and social assistance",792288,3660034,0.21647012,2020,WA
595,Washington,"Arts, entertainment, and recreation, and accommodation and food services",330885,3660034,0.090404898,2020,WA
596,Washington,"Other services, except public administration",165644,3660034,0.045257503,2020,WA
597,Washington,Public administration,182450,3660034,0.049849264,2020,WA
598,West Virginia,"Agriculture, forestry, fishing and hunting, and mining",26546,744272,0.035667068,2020,WV
599,West Virginia,Construction,48525,744272,0.065197938,2020,WV
600,West Virginia,Manufacturing,59759,744272,0.080291883,2020,WV
601,West Virginia,Wholesale trade,14916,744272,0.02004106,2020,WV
602,West Virginia,Retail trade,92387,744272,0.124130694,2020,WV
603,West Virginia,"Transportation and warehousing, and utilities",43410,744272,0.058325451,2020,WV
604,West Virginia,Information,11140,744272,0.014967646,2020,WV
605,West Virginia,"Finance and insurance, and real estate and rental and leasing",31422,744272,0.042218436,2020,WV
606,West Virginia,"Professional, scientific, and management, and administrative and waste management services",58170,744272,0.07815691,2020,WV
607,West Virginia,"Educational services, and health care and social assistance",207353,744272,0.278598416,2020,WV
608,West Virginia,"Arts, entertainment, and recreation, and accommodation and food services",66851,744272,0.089820657,2020,WV
609,West Virginia,"Other services, except public administration",32325,744272,0.043431702,2020,WV
610,West Virginia,Public administration,51468,744272,0.069152138,2020,WV
611,Wisconsin,"Agriculture, forestry, fishing and hunting, and mining",64295,2983277,0.021551804,2020,WI
612,Wisconsin,Construction,175919,2983277,0.058968376,2020,WI
613,Wisconsin,Manufacturing,537489,2983277,0.180167313,2020,WI
614,Wisconsin,Wholesale trade,79736,2983277,0.026727656,2020,WI
615,Wisconsin,Retail trade,327578,2983277,0.109804755,2020,WI
616,Wisconsin,"Transportation and warehousing, and utilities",138676,2983277,0.046484453,2020,WI
617,Wisconsin,Information,47567,2983277,0.015944547,2020,WI
618,Wisconsin,"Finance and insurance, and real estate and rental and leasing",182437,2983277,0.061153222,2020,WI
619,Wisconsin,"Professional, scientific, and management, and administrative and waste management services",256866,2983277,0.086101961,2020,WI
620,Wisconsin,"Educational services, and health care and social assistance",697836,2983277,0.233915925,2020,WI
621,Wisconsin,"Arts, entertainment, and recreation, and accommodation and food services",245606,2983277,0.082327588,2020,WI
622,Wisconsin,"Other services, except public administration",125507,2983277,0.04207018,2020,WI
623,Wisconsin,Public administration,103765,2983277,0.034782221,2020,WI
624,Wyoming,"Agriculture, forestry, fishing and hunting, and mining",30306,287375,0.105458025,2020,WY
625,Wyoming,Construction,23480,287375,0.081705089,2020,WY
626,Wyoming,Manufacturing,12392,287375,0.043121357,2020,WY
627,Wyoming,Wholesale trade,5368,287375,0.018679426,2020,WY
628,Wyoming,Retail trade,31093,287375,0.108196607,2020,WY
629,Wyoming,"Transportation and warehousing, and utilities",18036,287375,0.062761201,2020,WY
630,Wyoming,Information,4539,287375,0.015794693,2020,WY
631,Wyoming,"Finance and insurance, and real estate and rental and leasing",13043,287375,0.04538669,2020,WY
632,Wyoming,"Professional, scientific, and management, and administrative and waste management services",18817,287375,0.065478904,2020,WY
633,Wyoming,"Educational services, and health care and social assistance",71989,287375,0.250505437,2020,WY
634,Wyoming,"Arts, entertainment, and recreation, and accommodation and food services",28130,287375,0.097886037,2020,WY
635,Wyoming,"Other services, except public administration",13173,287375,0.04583906,2020,WY
636,Wyoming,Public administration,17009,287375,0.059187473,2020,WY
